Commodity,Records,Actual_Average,Predicted_Average,MAE
1382.9801123321429,5,21.0,19.16545547225169,3.225729220534904
1526.674240992157,1,40.0,32.50224901561807,7.4977509843819306
1327.3285811966102,2,37.5,39.57454457299609,11.606289445053843
679.0901324439025,3,21.666666666666668,6.455344638594504,15.211322028072162
1364.3253629060002,1,9.0,32.38276689325685,23.38276689325685
988.5830135852632,7,276.42857142857144,214.08007251850282,62.34849891006862
736.5816237231708,114,420.9309649122807,464.16082517480555,97.7433980692661
2243.1786718352273,3604,2420.5421836847945,2415.188326502779,136.09876592081372
582.1157627497076,221,512.4472398190045,626.6856450622874,163.21712528402838
457.04668458860397,4,328.75,145.11029507286372,183.63970492713628
596.7569549704698,5,205.0,5.771594756163295,199.2284052438367
2092.5881347202467,197,2113.265989847716,1911.4603593538595,237.9793615649711
1662.1924103010444,17,1777.5294117647059,1599.8367780803212,268.09887989827246
2013.6113586223125,461,2114.0472668112798,2260.5618517323737,297.13285571474916
1517.439925895135,2,1783.5,1466.0095738612315,317.4904261387685
2475.2590625838843,40,2251.15,2526.5519319676673,338.4176769857292
1036.490346933323,380,954.8394736842105,1017.507778903395,371.31231414900634
2086.9261354026316,2,1615.0,2010.606279454591,395.606279454591
1771.8668007356964,19,1600.0,1252.3553358491085,398.4068782397737
2626.060205871429,8,2614.0,2453.4807306026055,402.81948173898434
1710.1368721378087,72,1648.263888888889,1642.5516173582516,403.39672191029695
1521.1416534020086,178,1734.4943820224719,1501.7843412561267,427.2033988177606
3433.1125409476767,80,3142.7375,3571.7728250553796,433.2855437179247
1959.3038681203057,1680,1718.885773809524,2087.668616219861,444.1976258004504
2052.7531210787033,1370,2053.7615547445257,1965.1870054111205,455.80394771910903
3643.7024860342026,202,3889.3082178217824,3543.893777778868,485.9666377948443
5281.19077174412,1266,5241.090047393365,5407.335487666297,487.3089961752113
1570.2387829948052,7,764.2857142857143,1292.6342904735536,528.3485761878393
3603.3490537028906,12,3350.0,3435.360007617331,538.2930282569441
1902.5515443830066,30,1796.6666666666667,2172.084768585279,587.0689316289225
3432.30994624058,2,3000.0,2916.6749353242967,604.6827635451921
3133.876935485926,10,2412.1,2575.5766546434998,632.7669911569808
1587.9322350861044,22,1969.3181818181818,1478.9698698515585,641.4009184714253
1439.9201224060475,2051,1772.3246903949293,1440.687270837629,656.1183416860814
2213.8016484079667,58,2434.051724137931,2684.9240457221526,665.9447025037318
2976.2122373876928,9,2466.6666666666665,2960.435597894173,677.1490568012618
1226.8561805193665,298,1279.576845637584,1376.2032976124756,677.954976339967
4855.124080995914,42,4450.416904761905,4566.511273860383,679.5121159041645
1378.1373228697475,476,1844.9600840336134,1476.040914009733,680.9521536109451
1558.5513658416185,14,910.7142857142857,1610.5286711807373,699.8143854664515
1433.4266905521713,2176,1804.9595588235295,1449.7467351969335,701.8290832785088
6181.8285201392655,374,6259.787754010696,5617.393939654258,703.0831821481663
1793.6544079402017,82,1926.8292682926829,1981.624143631074,719.552122753787
4924.55110934554,8,4906.25,5434.90119762515,724.3351820336471
4882.554948680952,25,4983.04,4231.607649908533,751.4323500914668
3541.6767797566504,5,2472.2,2988.9137671240287,772.148812086262
2990.204199006363,669,3406.728594917788,2898.0873701243922,774.6315320496558
3758.5422043142858,10,2970.0,2377.1672980875546,793.7459519881611
5416.582115068629,113,5483.469026548672,4799.8404589197135,797.4942964330627
2590.3885055763108,293,3258.1825938566553,2887.5727437298015,805.4538211296874
4776.202822584848,4,5150.0,4310.08553813691,839.9144618630896
1736.1165280842415,2461,1826.2213019097926,1500.184994992572,853.3809179164432
2098.3929308491174,2622,2302.3396376811597,2037.8296132636378,858.3015773981919
3837.9273929760125,12,4362.916666666667,3523.3242088531465,873.2429287389432
5453.724428775,13,5735.933846153846,4884.059701233559,877.8440894322049
2222.2956730100946,3566,2087.5513151991026,2293.628615819272,883.5985410236261
3439.595637143548,187,3720.475935828877,3375.9135640123573,897.730446406439
7296.425253446453,674,7434.587448071217,6585.863722496032,912.2735536167445
4864.393001348405,1218,5071.717266009852,4194.15507383373,919.873624865038
8596.151494791095,108,8946.147222222222,8545.464527939077,924.0288756312543
1748.7425773591838,3,349.6666666666667,1284.7943108827537,935.127644216087
3667.0099048871793,2,4577.5,3640.419363361747,937.080636638253
2306.831070978118,335,3055.331343283582,2196.752389649615,959.4298028312202
3648.8556451625573,10,3775.0,2806.7356791712177,968.2643208287822
1279.2594536169888,1873,1885.4429311265349,1101.17521477206,970.8960593516941
6757.161114959585,27,6894.034074074075,6525.873864427475,984.8509392132784
4767.614936658778,37,4396.486486486487,3765.9658357207977,994.7567512833829
3793.424522106173,1,3200.0,4198.267721909494,998.267721909494
3589.1993768454545,1,4000.0,2994.495741898893,1005.5042581011071
3141.0803274512637,61,2275.9836065573772,2374.6533129610125,1018.0294350632225
2240.275020690194,92,2239.032608695652,2141.9456146405755,1025.0706361262066
2166.003954695731,2895,2609.907050107081,2610.6140533253197,1031.5967561065845
1460.439380946903,3136,1454.8436160714286,1084.4743140833584,1042.837648297234
3145.052291943462,113,2347.604513274336,3068.127352633416,1080.193285614134
2893.162049056805,12,2275.0,3049.7397658039376,1093.549474250574
6690.024248201839,314,6748.141146496815,6962.465332281252,1100.100945449812
2502.530816911024,1434,3004.5739191073917,2234.41208767241,1116.5478743822919
3091.4042328312894,160,3215.6625,2697.9104949061393,1118.6327463899302
3712.244831390909,2,1350.0,2469.386676328316,1119.386676328316
1976.488700299696,1842,2589.211422366993,1914.4985648945437,1121.0132605620126
4482.708254638861,25,5010.44,4022.6696166631136,1125.2409427875684
5140.218483874667,84,3650.154761904762,4789.1786096407095,1146.7669720938068
2122.133465100012,3191,2120.9144594171107,2302.1200299137786,1149.2202391050764
5798.010690597258,1272,6183.785683962264,5038.097286338874,1159.0875064546208
3101.0504026610106,2600,3589.883484788462,2896.983204300497,1184.2565005785323
3142.4275485668513,8,3762.5,3171.8548335880782,1185.78141904138
3779.0413026836304,453,2436.112582781457,3285.05119380674,1206.1082310952138
5396.369921076595,24,6098.25,5140.613726936409,1216.5194830761338
4039.424139062163,3,2966.6666666666665,1739.390209903974,1227.276456762693
2006.2400221115224,31,1231.8483870967743,2450.3948091672005,1229.4575188646625
2637.7585542861666,1620,3090.595407407407,2177.6857143861544,1241.1743931517701
5708.909721651523,633,6576.910695102686,5464.409795307194,1242.3246795051014
4466.133862906,3,2866.6666666666665,4122.001693286386,1255.3350266197197
2887.4671526723178,50,3858.71,2594.1354753652213,1272.4188545504073
6625.5157720797815,6,7741.666666666667,6522.939750363752,1278.4170838849222
1842.6424540159246,20,2785.0,1548.5960025458585,1295.5112140961446
2656.6023401505954,72,3641.7638888888887,2534.6530755091476,1299.6516502430977
6780.459259939282,264,6693.43196969697,7420.320877962997,1310.2294901880757
3457.175451624,5,2080.0,2323.0530902129904,1317.703600500527
3469.363323070259,464,3933.252155172414,3663.5515348404483,1333.305789617432
2823.8585578410257,9,3122.222222222222,2373.3675375224343,1343.7504327046252
2856.293020460062,807,2941.0780669144983,1674.1066549019404,1349.9717036912748
2777.9170339307693,32,3129.223125,1985.3552206299253,1359.7378841149286
1814.3689344157551,195,2590.846153846154,1750.0931564760842,1367.2449567422443
4357.144269014574,269,4115.7992565055765,4783.2386183929475,1385.5036913150473
4155.581743508442,5,6700.0,5295.939584188341,1404.060415811659
3150.9377688238096,3,3933.3333333333335,2524.341063369036,1408.9922699642973
8059.075637063264,136,7027.208235294117,7090.164900376645,1417.8678174369572
4748.4216450572485,176,5481.170454545455,4498.431345311301,1417.9151298380314
3876.689393901997,1042,3530.3262955854125,2303.740752667397,1425.0146518148606
5847.676670152337,145,6255.624137931034,4802.609941046832,1453.0141968842029
2930.0106090813074,453,3127.618101545254,1704.1152753536558,1492.4600970472848
4059.043444153742,17,4264.705882352941,3732.2381857247847,1530.0061380854586
3574.627725812,7,3982.5714285714284,2443.1986742057775,1539.3727543656512
4533.2258555092685,806,4288.808933002481,3254.9269704767553,1544.8816136292633
1612.2831458322246,154,2588.935064935065,1446.5360500202064,1547.4766835130722
3335.1239988504367,801,2656.616729088639,1178.5332326510138,1562.6514084378998
4974.854713873982,119,5041.14705882353,3544.1188928357724,1571.866085013636
4728.284814693617,3,5833.333333333333,4259.604683827354,1573.728649505979
6166.229375751852,2,8287.5,6710.876569851018,1576.6234301489817
3720.7847143006097,1,4500.0,2914.069469062204,1585.930530937796
3368.4856077580544,42,4679.285714285715,3356.3197082091674,1598.1024572912752
4949.662070337705,3,4166.666666666667,5777.962209134403,1611.2955424677364
5642.640151095403,5,5040.0,3425.9520088564836,1614.0479911435164
6014.348644480851,10,9186.5,7571.173274535346,1615.3267254646546
3665.811882014131,11,2681.818181818182,1389.6717676844044,1628.2996333757326
3429.9253646366265,1824,4339.680137061404,3266.1441872082705,1652.4433331766345
2962.602118554592,1398,3334.227467811159,1770.9133284465588,1658.2189905905302
5488.524562656154,42,6128.368333333334,5178.868464538193,1665.7465194648034
2988.160277353721,2239,3014.700486824475,2056.9723617188133,1666.1244052995455
7067.579267849686,817,6901.61465116279,8222.421842824479,1669.1623237807512
2775.6801588155017,2288,4278.136363636364,2912.351727838287,1676.5839159308496
3851.46931453,2809,3123.8092279839802,3473.183977173347,1686.9712505746115
3811.3370769188264,1272,4097.669025157233,2664.1017758596904,1710.3091230858904
5362.102790824145,17,3932.3529411764707,5652.7837287607745,1720.4307875843033
5566.378102701959,593,5802.139966273187,5049.222554267285,1743.1234461517445
5156.103058431447,6,2700.0,1995.9764946259536,1762.4107447071044
3323.9239573050177,1328,3276.1031626506024,2026.4204089828845,1801.5060444530218
5877.535805945283,10,6638.6,4950.788379556509,1839.9479872317727
3842.465421400972,374,4921.042780748663,3703.5955633287917,1847.121175084726
3882.383348780988,634,4315.307570977918,3222.6600644594796,1856.608563422062
4411.764139791111,5,4700.0,3341.936163002104,1889.7880828113077
3491.0207820672235,2691,4739.38503158677,3194.6680436766587,1935.9061706103955
4270.723594566805,15,4270.0,4934.683455359616,1937.8240278392705
2662.873715825381,768,3312.9739583333335,1577.9285094182596,1965.4574471473222
3822.766412788889,7,4200.0,2897.7737802723864,1974.8278100055068
3317.660803783309,995,3811.7511859296483,2070.78863822234,2045.1236019067953
3929.732680504762,5,4255.0,2524.358621827874,2073.8823313544563
3590.2019315090365,619,4184.535810581583,2318.706894679769,2074.24249911591
9193.445290775704,48,9634.270625,7838.653627054257,2080.1894461333377
4069.9870476365595,48,4421.875,2341.327131661453,2085.9472718978473
5140.075826351429,32,6325.125,4165.727039595356,2159.3979604046444
7062.193995847026,664,8749.59237243976,7892.991949922897,2169.9408192821797
3833.481199640736,1052,4707.9092490494295,3311.112202923059,2181.242770847496
6322.7172966952385,937,5303.735325506937,3548.6333212879363,2262.852424929385
6077.199985967861,78,7460.568974358975,5257.652641224641,2267.1887066665363
3249.2407798199015,545,3242.6605504587155,1382.3486945503091,2289.5197716684575
6439.527606161582,15,6333.333333333333,5154.584150842735,2318.65304953308
4066.4950561130436,1,3000.0,5341.002922437268,2341.0029224372684
7686.424522106174,1,2891.0,5276.630108754562,2385.6301087545617
4976.875305151351,2,7077.5,5383.218461118226,2431.546004450894
3017.0337214099213,1600,3874.6085812500005,1739.7097600662355,2431.6690643809234
3634.1791675671743,1142,3853.182136602452,1658.432933240299,2444.0146899801953
3391.06171591835,43,5586.058604651163,3334.820435904047,2452.4412627138227
5091.93359558919,1092,5683.673076923077,3467.8749473200596,2458.25885771153
6755.880156301486,351,9155.018774928774,7862.903600952508,2487.91084940282
4869.91635351134,13,3044.1676923076925,4357.473902436692,2542.0528627640383
3533.9962623073493,1047,5147.368672397326,2730.7750230841903,2592.5891712574453
9306.380374611743,32,9761.2721875,7449.2069310023835,2624.964393659405
6389.586416003751,43,7260.905116279069,5239.365722339758,2640.479783704721
3032.0321871958968,1346,4258.755572065379,1726.4130829290261,2760.4981996300985
3427.5913810541665,3,5650.0,3914.998935909482,2890.9299964068537
4677.450969784087,5,7400.0,4452.96213833384,2947.0378616661606
4685.960575411281,469,5084.104477611941,2538.269240152475,2981.554026763539
3852.063013209091,1,5130.0,2144.5649326878947,2985.4350673121053
2913.4539305459452,2,4900.0,1849.2692751122008,3050.730724887799
6706.6825306292685,16,8861.1875,5806.766453608057,3054.421046391942
7214.157500547328,154,9290.961038961039,6425.18624300984,3112.318275873256
5835.449376383104,634,4942.507886435331,2146.64236735829,3123.705233257912
3965.516817017667,372,5322.185483870968,2467.754646947546,3158.499236653977
4964.578394434883,1271,5994.902234461055,3597.187983403166,3210.2512946328097
3493.6465116790037,1164,5560.483676975945,2333.5406536108153,3247.944227569846
4286.603891573733,150,7262.569466666666,4399.041405179501,3308.2587270134054
5666.024107475776,539,8565.059369202227,5638.711327552416,3360.7861437319766
18858.519231829494,180,20129.42822222222,21997.33703126765,3385.9414512672593
14317.559544699066,32,16020.6250828125,12507.715593365514,3512.909489446986
4908.08403345077,514,6507.686770428016,3033.7124537662426,3541.4943802711814
4525.201415582286,463,6780.9589632829375,3843.209025642781,3664.357954860205
5924.899201623112,59,6941.949152542373,9219.728572480682,3731.0112737484956
5084.0027388277595,785,6030.663694267516,3037.1109014257895,3765.5724256298845
10994.577024716582,183,9020.853606557377,10795.06641333801,3843.4566578929844
6811.34901060463,18,9484.666666666666,5665.087730896942,3880.7240962306987
5406.715688945385,1808,6629.936471238939,5892.57710778677,3937.0780055870882
11202.61244670384,70,10473.744142857142,11794.474034513787,4006.0140652768864
11256.55118235935,36,11435.916666666666,8815.87208554753,4053.5341805717003
3100.108233309044,24,5161.5,1109.4042257499173,4064.0319909990812
20299.67144116225,103,20367.961165048542,18446.585016621386,4116.827416778369
8062.562661294287,4,4562.5,6058.378283945699,4151.057560969207
5279.973972429031,5,9100.4,4768.076118447696,4332.323881552304
5705.626703336672,878,7239.350797266515,3536.1658973699023,4421.60910107698
61197.755082771044,1,80000.0,84560.8771739,4560.877173899993
9090.712133372122,66,10403.00909090909,5874.674883689356,4642.599365030566
3917.5898233619046,6,5909.3,2833.781397317938,4768.688957328129
11924.888884314436,52,11929.038461538461,7605.125653510318,4893.40538742266
4311.6030903248,14,10025.5,5118.834233759805,4906.665766240195
15281.636243469367,22,18540.909090909092,13482.121234726754,5058.787856182338
8466.724265272453,31,9377.129032258064,4556.462792108867,5218.484028024446
7034.420338217347,1,7000.0,1608.9363014975959,5391.063698502404
14016.731562707144,17,20919.29411764706,15459.440492162772,5459.8536254842875
9015.686128106898,60,7241.666666666667,2417.2253242643483,5466.0934973522035
6456.728766981579,2,12100.0,6556.746154837025,5543.253845162975
15580.638468955343,97,17937.628865979383,15307.81699252871,5678.077676837405
5956.405747947059,4,11958.5,6079.375376885239,5879.124623114761
19031.875080075177,4,21875.0,19894.37945040001,6278.882214869986
9098.528590019354,2,9720.5,9179.15334257032,6691.91880628914
15011.027615798575,101,17459.897326732673,10567.22374678669,7427.043199578066
9208.622933831602,26,13667.307692307691,5425.290144599915,8242.017547707777
8208.775490413514,18,9972.222222222223,1743.618468177265,8709.971925861691
8494.064883199544,60,12595.377333333334,4163.071229443531,8980.543714742873
7593.151139609512,1195,10971.338476987448,6048.210901911894,8986.715712332805
11789.141505770804,1,20000.0,10826.211672229905,9173.788327770095
9758.865933553092,282,13323.918439716312,2983.164880434548,10505.14632113456
6864.917484421136,188,12430.5,2381.685475376496,10556.13248490889
10942.382383349886,135,13021.407407407407,2642.9190888955195,10591.751123329876
10389.158303659306,167,12816.047904191617,1932.231075619815,11003.71509400531
5499.599428775,1,14042.0,2964.3056784713144,11077.694321528685
7507.175451624,5,23260.0,12081.18477195842,11178.81522804158
9508.839193549435,17,13995.29411764706,2802.576673179337,11192.717444467722
13352.021660790626,1,25000.0,13312.196506266006,11687.803493733994
10458.1154287,4,18168.0,5969.45895928658,12198.54104071342
13066.206389227546,124,15262.09677419355,2805.313139548231,12699.346577597
17345.55777419393,8,28862.5,14343.782272944685,14518.717727055315
15923.766004092959,3,27900.0,12938.302191861412,14961.697808138588
28200.515548957897,3,45666.666666666664,29289.17726240841,16377.489404258258
35783.51774303817,225,37414.24528888889,17647.00705352634,20118.878567792646
11791.175864061905,4,31500.0,10495.010811731372,21004.989188268628
41304.126299953234,1,60000.0,38612.79433449556,21387.205665504443
8109.599428775,3,30433.333333333332,7562.844886895055,22870.488446438278
7193.437934253846,7,29000.0,5954.829130276676,23045.170869723323
50237.78620831526,3,101000.0,74678.2751861995,26321.724813800505
30698.825434685103,8,45625.0,19186.789984394785,27143.446444674504
41679.78441049718,5,65650.0,34665.448562027435,30984.55143797256
17291.05077214043,4,60000.0,24535.269518668192,35464.730481331804
48417.33308254973,100,63147.83,27066.066210087323,36081.76378991268
31324.69195441596,14,57357.142857142855,15756.317890883394,43957.41235953081
31981.345822437834,2,50000.0,5704.70899032235,44295.29100967765
45897.8543613625,2,67225.0,22168.033157772414,45056.966842227586
38311.16851602207,29,52793.10344827586,6893.713731261895,46746.00583206395
47815.15809110549,7,87142.85714285714,22445.67570112594,64697.181441731205
43261.49655426061,8,117237.625,50686.381633720215,66551.24336627978
146962.27162959034,7,218571.42857142858,127650.85575035462,90920.57282107395
