Commodity,Records,Minimum,Median,Mean,95th_Percentile,99th_Percentile,99.9th_Percentile,Maximum
Guar,70645,5.0,4940.0,17957.041227829286,8000.0,10000.0,13000.0,918421086.0
Onion,776221,0.115,2000.0,3594.0132290417296,5000.0,7000.0,11478.000000002794,917588483.0
Saffron,85,58000.0,79000.0,398833.0117647059,4000000.0,4000000.0,4000000.0,4000000.0
Green Chilli,607464,0.34,3450.0,4072.3927412653265,8500.0,15500.0,30000.0,3950000.0
Ginger (Green),315543,0.36,5000.0,6398.205193174939,15500.0,20000.0,70018.31999999937,2880000.0
Cowpea (Veg),105104,0.39,4500.0,4893.817409423048,7860.0,10000.0,52000.0,1280000.0
Garlic,249462,25.0,6750.0,9951.146398529636,28000.0,39000.0,156040.0,1250000.0
Rose (Loose)),2953,0.5,6000.0,7685.157263799525,16000.0,25000.0,45143.99999999932,1200000.0
Apple,301352,52.0,7440.0,8277.663104113795,16000.0,22000.0,27000.0,1100000.0
Guava,105103,12.0,4000.0,4251.974445353606,8000.0,9648.999999999796,14000.0,1060960.0
Grapes,80253,11.0,5850.0,6973.68887169327,12750.0,18000.0,29000.0,1000000.0
Mousambi (Sweet Lime),136036,30.0,3460.0,3892.7367816607366,7000.0,9000.0,12500.0,980083.0
Black pepper,18568,4600.0,50000.0,51733.489875053856,68400.0,80000.0,90000.0,959950.0
Bhindi (Ladies Finger),464950,0.45,2750.0,3066.6499647705386,6000.0,8000.0,18040.0,900000.0
Yam (Ratalu),40135,0.35,6400.0,6473.658665503924,11500.0,14000.0,20000.0,856400.0
Lemon,237722,0.07,5000.0,5725.880885698421,12000.0,16000.0,21113.950000000477,818000.0
Jasmine,9127,7.1,50000.0,54325.93129177167,140000.0,220000.0,317479.9999999959,795000.0
Coriander (Leaves),173590,0.05,3200.0,3648.2889118997355,9000.0,14000.0,25000.0,750000.0
Tube Flower,2559,250.0,60000.0,64518.149667839,140000.0,200000.0,220000.0,700000.0
Cabbage,439911,0.31,1500.0,1877.0798459324726,4000.0,5800.0,19040.0,700000.0
Indian Beans (Seam),32785,40.0,5500.0,5646.084825377459,9000.0,12000.0,20000.0,600000.0
Brinjal,673782,0.2,1900.0,2395.74206143372,5250.0,7100.0,13540.0,540000.0
Cucumbar (Kheera),426810,0.14,1900.0,2221.3119021110097,4750.0,6800.0,19240.0,504000.0
Banana - Green,213762,0.4,2500.0,2905.9085467014716,5600.0,7000.0,32540.0,503500.0
Marigold (Calcutta),13262,2.0,12000.0,13558.979886894887,30000.0,40000.0,50000.0,500000.0
Banana,498238,0.08,2950.0,3473.6580759179046,6800.0,8500.0,25000.0,500000.0
Bitter gourd,383292,0.3,3500.0,3722.896914154613,7000.0,9500.0,35964.3399999931,500000.0
Ber (Zizyphus/Borehannu),5793,2.0,2400.0,2812.020024167098,5500.0,6500.0,8000.0,500000.0
Betal Leaves,12505,35.0,14000.0,16858.315393842462,47000.0,60000.0,115000.0,460000.0
Coconut,114777,1.0,4600.0,5269.73355724579,10000.0,20000.0,35000.0,457500.0
Tomato,735217,0.32,1950.0,2331.979433001957,5400.0,7950.0,14500.0,404000.0
Bottle gourd,418994,0.26,1400.0,1602.5987002677844,3300.0,4500.0,6500.0,365500.0
Mango,97635,25.0,4200.0,5112.913764019051,11000.0,18000.0,60000.0,350000.0
Cardamoms,1804,3000.0,152500.0,160051.8847006652,350000.0,350000.0,350000.0,350000.0
Orange,67524,0.65,4500.0,5467.648860375571,12000.0,16000.0,26000.0,350000.0
Kinnow,32440,40.0,2350.0,2823.2855117139334,5000.0,7250.0,16683.00000000454,350000.0
Cardamom,13,224300.0,250000.0,255484.61538461538,293999.9999999999,334799.99999999994,343979.99999999994,345000.0
Lime,46065,1.0,4000.0,5743.939086074026,16000.0,22000.0,29000.0,330000.0
Leafy Vegetable,18526,2.3,2000.0,2374.776825002699,6200.0,8600.0,9700.0,320000.0
Cashewnuts,4754,600.0,11250.0,24215.086032814474,92500.0,100000.0,113000.0,320000.0
Chakotha,67,933.0,1000.0,6494.462686567164,3000.0,108370.00000000105,289836.99999999924,310000.0
Sponge gourd,45008,110.0,1550.0,1804.1061811233558,3600.0,5500.0,8929.790000000066,310000.0
Amaranthus,109318,10.0,3000.0,3080.115150295468,5100.0,8000.0,40381.50000000227,301700.0
Thondekai,40029,17.0,4000.0,4017.6644682742512,6400.0,8000.0,9000.0,301100.0
Ashgourd,125080,0.14,2000.0,2459.4337952513442,4000.0,6800.0,80040.0,300000.0
Carrot,307730,0.71,2500.0,3451.494222749813,8000.0,11000.0,51300.1600000076,300000.0
Kakada,4381,4.0,35000.0,40180.25975804611,100000.0,160999.9999999991,221549.99999999974,260000.0
Cauliflower,451054,0.4,1850.0,2303.3752956189282,5100.0,7300.0,24040.0,250000.0
Water Melon,78893,6.0,1250.0,1494.9179901892437,3000.0,4200.0,7500.0,250000.0
White Muesli,187,900.0,7500.0,19052.39181818182,117749.99999999997,180979.9999999999,237467.99999999956,249000.0
Chow Chow,51856,0.3,3000.0,3006.398492941993,4600.0,5500.0,7743.49999999904,243000.0
Arecanut (Betelnut/Supari),60137,3.01,35150.0,35759.98460914246,52889.2,68008.28,83333.0,238000.0
Muesli,20,15001.0,77150.0,93582.9,173700.00000000003,214739.99999999994,223974.0000000001,225000.0
Raibel,675,4.0,32000.0,32272.36296296296,76599.99999999991,160000.0,206520.00000000044,220000.0
Coffee,3338,950.0,18700.0,18184.484721390054,36000.0,45000.0,50947.60000000006,211000.0
Masur Dal,31172,510.0,8550.0,8622.208124278197,10750.0,11000.0,12100.0,190000.0
Chili Red,11981,110.0,14500.0,15479.057807361656,30000.0,40000.0,67118.0000000004,185000.0
Mace,99,1200.0,131000.0,131688.88888888888,180000.0,180002.0,180090.2,180100.0
Pomegranate,179910,80.0,7000.0,8116.607846367628,18000.0,23000.0,26000.0,180000.0
Capsicum,188226,12.6,3750.0,4181.16192454815,8000.0,10100.0,42040.0,180000.0
Drumstick,138353,15.0,5500.0,6935.436969201969,16500.0,26274.000000000524,62000.0,180000.0
Jack Fruit,22499,15.0,1900.0,2255.6135383794835,5000.0,8000.0,12000.0,175000.0
Cinamon (Dalchini),536,3000.0,25250.0,38395.253731343284,60000.0,145249.99999999808,175000.0,175000.0
tulip,15,1300.0,140000.0,99860.0,170000.0,170000.0,170000.0,170000.0
Tulip,5,120000.0,125000.0,132000.0,161000.0,168200.0,169820.0,170000.0
Snakeguard,144557,0.22,3000.0,3200.7352388331246,5000.0,6000.0,26040.0,160000.0
poppy seeds,630,2700.0,106000.0,108250.00793650794,143055.0,149213.0,154804.89999999997,156000.0
Green Peas,40534,1.0,5000.0,6870.939712586964,18000.0,26000.0,32000.0,155000.0
Gingelly Oil,659,3000.0,11708.0,12468.811077389984,17900.0,18833.879999999994,85199.99999999846,151000.0
Methi (Leaves),48939,1.0,1200.0,1625.605360755226,5000.0,7800.0,14500.0,150000.0
Cloves,973,4700.0,80000.0,80849.02363823228,97500.0,100000.0,101120.0000000008,140000.0
kutki,3,3225.0,5500.0,47275.0,120339.99999999999,130548.0,132844.8,133100.0
Green Avare (W),62149,30.0,6000.0,6530.585930586172,11500.0,14000.0,45000.0,130300.0
French Beans (Frasbean),65275,80.0,4250.0,5029.648354402911,9300.0,16200.0,66040.0,130040.0
Corriander seed,39104,1.0,6755.0,7476.860132881291,11750.0,15000.0,16989.69999999972,130000.0
Litchi,4663,700.0,6500.0,7050.111516191293,13000.0,20000.0,86689.99999999869,130000.0
Tamarind Fruit,20267,25.0,9800.0,8810.055409779445,15500.0,18000.0,23920.200000000114,120100.0
Cow,2016,5.0,40000.0,37134.44841269841,65000.0,90000.0,114924.9999999995,120000.0
Rose (Local),11818,0.2,13000.0,14024.840869013367,30000.0,40000.0,46000.0,120000.0
Tender Coconut,34278,2.0,3000.0,3926.6635480483114,12000.0,23000.0,25000.0,120000.0
Methi Seeds,24489,5.0,5300.0,5496.6320833843765,8150.0,10000.0,16653.599999999642,119901.0
Green Gram (Moong)(Whole),118676,400.0,6800.0,6983.329605143416,9900.0,12100.0,14300.0,118800.0
Turmeric,19733,116.0,8200.0,9218.041877058735,16000.0,21000.0,28000.0,110000.0
Cummin Seed (Jeera),30563,1507.0,19800.0,21233.10358936459,41808.99999999998,55000.0,65000.0,110000.0
Beans,95689,1.0,5800.0,5918.408709465038,11000.0,14500.0,19500.0,110000.0
Ginger (Dry),40845,250.0,5000.0,7002.216232096952,17500.0,34000.0,40500.0,110000.0
She Buffalo,1422,3000.0,40000.0,40447.28902953587,70000.0,100000.0,110000.0,110000.0
Ghee,2894,420.0,45000.0,47863.78346296822,70500.0,85000.0,85000.0,110000.0
Almond (Badam),595,2500.0,75000.0,77746.21848739496,100000.0,102500.0,102500.0,102500.0
Beaten Rice,88,1000.0,3250.0,8822.227272727272,27200.0,36858.999999999665,95035.89999999976,101500.0
Kankambra,879,3.5,350.0,828.4158134243459,1000.0,1383.000000000004,73659.99999999872,100000.0
Fish,38653,0.75,20000.0,21721.17533697255,42500.0,55000.0,80000.0,100000.0
Long Melon (Kakri),9072,200.0,1900.0,2340.233219797178,5000.0,9000.0,12000.0,100000.0
Tube Rose (Loose),4627,1.0,10000.0,10768.4657445429,25000.0,35000.0,50000.0,100000.0
Copra,20832,140.0,8920.0,10266.95509312596,17600.0,22000.0,31763.99600000048,98000.0
Pepper ungarbled,4011,14000.0,49600.0,50885.05634505111,66475.0,70600.0,78000.0,97800.0
Sugar,10337,2000.0,3920.0,3923.343436200058,4300.0,4450.0,7295.040000000408,97500.0
Ox,1865,2250.0,15000.0,23248.723324396782,50000.0,80000.0,88067.99999999999,95000.0
Beetroot,152102,2.0,3400.0,3561.3892363677005,6750.0,8500.0,35000.0,94000.0
Mango (Raw-Ripe),76165,20.0,5000.0,5509.677358366704,12000.0,16000.0,55280.0,91040.0
Cherry,1822,1000.0,12500.0,12978.95883644347,22000.0,29789.999999999964,40969.00000000096,90000.0
Persimon (Japani Fal),1485,2000.0,6500.0,7301.80202020202,12500.0,16240.000000000124,80000.0,90000.0
Colacasia,106088,0.5,4000.0,4419.006488575523,8000.0,10000.0,60040.0,82000.0
Elephant Yam (Suran),70171,25.0,5400.0,5186.359607245158,8500.0,10000.0,25000.0,80000.0
Isabgul (Psyllium),11012,100.0,12050.0,12707.944061024336,20500.0,23500.0,24999.44999999998,80000.0
Plum,9802,7.0,5000.0,5280.444399102224,10000.0,14000.0,24059.700000000157,78125.0
Ajwan,7144,100.0,10817.5,10692.33561030235,16439.44999999999,19350.0,22335.699999999997,78080.0
Dry Chillies,20021,200.0,15000.0,16708.038259827183,32000.0,47500.0,67000.0,76000.0
Soanf,11303,468.0,7700.0,9816.941618196053,20000.0,25698.499999999967,44076.76804000072,75000.0
Nutmeg,1805,15000.0,28000.0,27536.45429362881,35000.0,36000.0,63743.99999999878,75000.0
Chikoos (Sapota),63251,0.5,3750.0,3675.3910440941645,6000.0,8000.0,9775.0,74000.0
He Buffalo,699,1325.0,20000.0,18604.542203147354,25000.0,40000.0,70906.00000000006,73000.0
Pineapple,69264,0.45,4000.0,4352.961164241164,7500.0,10440.0,49145.49999999057,72000.0
Pepper garbled,1926,12750.0,49250.0,50353.608515057116,67200.0,69212.5,69500.0,70100.0
Kalmegh,10,6221.0,9640.0,14965.1,43832.49999999994,64766.50000000001,69476.64999999998,70000.0
Cluster beans,104251,30.0,4000.0,4166.29391184497,7000.0,11000.0,42000.0,65040.0
Amphophalus,30394,35.0,4500.0,4958.597881160756,7800.0,33040.0,58540.0,65040.0
Coconut Oil,11677,1600.0,18000.0,19881.43161771003,38500.0,47000.0,50000.0,65000.0
Goat,2584,6.0,5500.0,6385.845588235294,11000.0,17000.0,60833.99999999983,65000.0
Wheat,644921,1.0,2380.0,2338.7635482071964,2900.0,3400.0,4600.0,63869.0
Onion Green,87269,2.0,4500.0,4231.267093698793,7600.0,9000.0,11000.0,63000.0
Karbuja (Musk Melon),39876,15.0,1800.0,2114.568291704283,4687.25,6500.0,9000.0,62000.0
Rice,264902,34.0,3000.0,3184.105165344165,4800.0,5900.0,9114.849999998114,61899.0
Jamun (Narale Hannu),3849,60.0,8000.0,9754.37750064952,20000.0,30000.0,45000.0,60000.0
Walnut,241,10000.0,25000.0,36763.48547717842,60000.0,60000.0,60000.0,60000.0
Peas cod,24944,51.0,2600.0,3699.110126683772,9600.0,13500.0,18000.0,60000.0
Lak (Teora),10994,801.0,3400.0,3579.756094233218,4792.0,5600.3499999999985,9952.832499999982,59500.0
Ridgeguard (Tori),179642,11.0,3250.0,3356.973080572472,6000.0,7200.0,9100.0,58000.0
Potato,764784,0.16,1300.0,1712.390992979717,4000.0,6000.0,9600.0,58000.0
Bull,705,6000.0,15000.0,20653.54609929078,40799.999999999956,50000.0,55888.000000000146,58000.0
Soapnut (Antawala/Retha),258,1807.0,6800.0,7206.3488372093025,11200.0,12900.0,42322.7999999998,52500.0
Rubber,8499,1250.0,16100.0,16196.083914578185,21000.0,23200.0,28176.300000000265,51000.0
Turnip,18227,3.5,1350.0,2177.736352663631,6140.0000000001455,9000.0,16387.000000000626,50200.0
Mashrooms,26565,20.0,9000.0,11391.394591756069,25000.0,25000.0,30000.0,50000.0
Pumpkin,386278,0.3,1400.0,1571.739521562191,3000.0,4000.0,11040.0,50000.0
Mint (Pudina),73292,1.0,3650.0,3595.422501773727,6000.0,8000.0,11000.0,50000.0
vadang,3,46170.0,46500.0,46768.666666666664,47522.4,47613.28,47633.728,47636.0
Cotton,120405,25.0,7200.0,7359.370576138865,9700.0,11210.959999999992,12752.980000000025,47500.0
Dry Grapes,715,400.0,15100.0,21135.363636363636,38000.0,38500.0,41644.999999999585,47000.0
Apricot (Jardalu/Khumani),1411,750.0,4700.0,5288.727143869596,10000.0,15459.000000000047,30000.0,45000.0
Patti Calcutta,507,2.75,15000.0,16068.88412228797,35000.0,40000.0,45000.0,45000.0
Seetapal,4690,5.0,3500.0,4010.3535181236675,7500.0,9500.0,15655.499999999847,45000.0
Asparagus,136,2400.0,30000.0,29171.220588235294,35070.25,36807.5,43920.00000000007,45000.0
Gur (Jaggery),131368,32.0,3670.0,3705.4309966658548,4620.0,5000.0,7000.0,44817.0
Ashwagandha,322,700.0,22600.0,22313.388198757762,38259.99999999997,44800.0,44800.0,44800.0
Cock,5075,0.95,250.0,546.3237990147784,500.0,13000.0,38926.000000000386,43000.0
Ratanjot,3,1500.0,36956.0,26937.0,41815.1,42247.02,42344.202,42355.0
Tapioca,79070,0.25,3000.0,3020.06354951309,4500.0,5500.0,25000.0,42000.0
Arhar (Tur/Red Gram)(Whole),153313,1.0,6545.0,7057.299020761448,10675.0,11900.0,15000.0,42000.0
Alasande Gram,4715,129.0,6037.0,6114.7890774125135,9200.0,11000.0,17505.0,40000.0
Calf,784,53.0,15000.0,13387.567602040815,20000.0,35000.0,40000.0,40000.0
Pear (Marasebu),14094,400.0,4000.0,4901.552185362565,12000.0,16500.0,22545.349999999962,40000.0
Mustard,277323,450.5,5800.0,5858.060735370939,7270.0,7874.77999999997,9000.0,40000.0
Raddish,270780,1.0,1100.0,1524.7396285545462,4000.0,4800.0,6000.0,40000.0
Delha,67,2.0,21000.0,17111.276119402984,35000.0,37360.000000000015,39735.99999999999,40000.0
Chilly Capsicum,28685,5.0,3000.0,3160.8149206902563,5500.0,7000.0,9785.907999999654,40000.0
Pigs,484,28.0,5500.0,5888.121694214876,6712.499999999992,28000.0,33135.99999999997,37000.0
spikenard,2,33773.0,34386.5,34386.5,34938.65,34987.73,34998.773,35000.0
Astera,985,1.2,100.0,1788.0069035532995,12500.0,28000.0,35000.0,35000.0
Jowar (Sorghum),99201,20.0,2445.0,2680.3450133567203,4700.0,5582.0,6700.0,34000.0
Pointed gourd (Parval),74889,200.0,3300.0,3645.640901868098,6800.0,9000.0,16000.0,32000.0
Papaya,190364,0.55,2700.0,2695.620146929041,4500.0,5500.0,7000.0,31000.0
Custard Apple (Sharifa),8205,25.0,4000.0,4637.349360146252,8000.0,10000.0,20000.0,30000.0
Cocoa,590,3200.0,6500.0,8284.57627118644,17500.0,28000.0,30000.0,30000.0
Chrysanthemum (Loose),1089,0.4,6300.0,7711.119889807163,20959.999999999993,26859.999999999673,29956.00000000002,30000.0
dried mango,95,1602.0,5000.0,8634.781578947368,24000.0,26968.000000000007,29336.800000000017,29600.0
Sheep,898,1.0,7100.0,9127.9710467706,22000.0,25000.0,26367.19499999983,29565.0
Green Gram Dal (Moong Dal),29628,27.0,9550.0,9493.45989199406,13500.0,15750.0,16750.0,29000.0
Peas Wet,75700,8.0,3000.0,4218.711815984148,11000.0,15000.0,20000.0,28000.0
Marigold (loose),2823,0.15,4000.0,4079.844137442437,9000.0,18000.0,27000.0,28000.0
Tea,1,27000.0,27000.0,27000.0,27000.0,27000.0,27000.0,27000.0
nigella seeds,542,1100.0,18241.0,17687.433136531366,22000.0,24903.660000000007,25638.158999999985,25801.0
Lint,146,1410.0,13498.5,12733.979452054795,15295.0,18600.000000000022,24544.499999999938,25400.0
Khoya,56,16700.0,24100.0,23541.964285714286,25025.0,25200.0,25200.0,25200.0
Rat Tail Radish (Mogari),672,400.0,3250.0,4197.200892857143,10500.0,17862.499999999956,21812.749999999767,25000.0
Surat Beans (Papadi),3409,550.0,4250.0,4705.859489586389,9750.0,13000.0,21250.0,25000.0
Sweet Potato,55768,0.8,3000.0,3177.0380218046193,6000.0,7000.0,8000.0,25000.0
Muleti,17,1000.0,1000.0,3253.0,12199.999999999989,22439.999999999996,24744.0,25000.0
She Goat,106,4000.0,8500.0,10022.216981132075,19000.0,23800.00000000001,24894.999999999996,25000.0
Tinda,28901,80.0,2000.0,2368.4113352479153,4800.0,6500.0,9000.0,25000.0
Fig (Anjura/Anjeer),1529,40.0,10000.0,10435.31066056246,18000.0,20000.0,22359.999999999898,25000.0
Black Gram (Urd Beans)(Whole),114405,800.0,6609.0,6840.712380665181,10400.0,13200.0,14600.0,24500.0
Turmeric (raw),2733,35.0,2750.0,3878.8781558726673,11250.0,16500.0,20526.800000000003,24500.0
Knool Khol,43634,17.0,3500.0,3493.6251661548336,7000.0,8000.0,9000.0,24400.0
Papaya (Raw),20032,0.4,1700.0,1860.2191942891372,3500.0,5500.0,17796.12500000012,24300.0
Mustard Oil,48301,1150.0,14480.0,14407.871935539637,17500.0,19500.0,20000.0,24300.0
nigella,31,12301.0,20800.0,19647.8064516129,23900.0,24210.0,24291.0,24300.0
Sweet Pumpkin,38146,150.0,1500.0,1540.4383945892098,2700.0,3500.0,5000.0,24000.0
basil,248,300.0,15450.5,14642.326612903225,21666.999999999993,22273.1,23577.699999999986,23800.0
Kulthi (Horse Gram),11976,450.0,4700.0,4929.8644822979295,7400.0,9500.0,14902.499999999964,23500.0
mango powder,143,1100.0,4550.0,6806.909090909091,17800.0,18790.000000000007,22775.20000000002,23400.0
White Peas,29909,200.0,5200.0,5214.2395934334145,7000.0,8100.0,16755.0,23255.0
Hen,2071,0.4,390.0,4042.126750362144,17000.0,17000.0,19929.999999999836,23200.0
Carnation,1751,0.66,125.0,259.28529982866934,250.0,330.0,23000.0,23000.0
Wood,10440,120.0,470.0,633.4881312260536,700.0,5800.0,8100.0,23000.0
Tamarind Seed,3996,500.0,2900.0,2735.9324324324325,3850.0,6000.0,12512.500000000273,23000.0
"Sesamum (Sesame,Gingelly,Til)",64941,1050.0,10400.0,10749.50690349702,15511.0,17000.0,21000.0,23000.0
Suva (Dill Seed),4440,1260.0,7300.0,8058.72713963964,16500.0,20243.29999999999,21459.149999999954,22255.0
Paddy (Common),13110,1000.0,2369.0,2555.934148978108,3910.0,4301.0,4683.2749999999905,22000.0
Amla (Nelli Kai),41627,24.0,6000.0,5696.3004638816155,9000.0,10500.0,13000.0,21000.0
Maize,261212,150.0,2031.0,2028.961028400713,2700.0,3500.0,4100.78899999999,21000.0
Tobacco,1167,5.0,6000.0,5692.7608568980295,9600.0,11000.0,16921.00000000039,20997.0
Dhaincha,1659,500.0,4010.0,5205.671488848704,9814.999999999985,11442.580000000007,12378.908000000036,20260.0
Arhar Dal (Tur Dal),76177,765.0,10100.0,11229.040931777306,15310.0,17750.0,19250.0,20250.0
Kabuli Chana (Chickpeas-White),21693,1100.0,8000.0,8125.161781219747,13301.0,15201.67999999996,17800.0,20051.0
Peas (Dry),32700,576.0,4725.0,4869.418080733945,6820.0,7700.0,11000.0,20000.0
Kartali (Kantola),4282,800.0,5760.0,6005.050443717889,11000.0,14550.0,19550.0,20000.0
Alsandikai,2938,100.0,3800.0,4031.1718856364873,7000.0,10630.00000000011,14000.0,20000.0
Ragi (Finger Millet),13555,600.0,2900.0,2936.327406860937,4250.0,5200.0,6000.0,19200.0
Seemebadnekai,5837,250.0,1650.0,1778.3094055165325,3200.0,5000.0,7000.0,19100.0
Black Gram Dal (Urd Dal),47291,480.0,9400.0,9615.296342644479,12645.0,13750.0,14750.0,19000.0
Field Pea,27178,20.0,2900.0,3430.176735227022,7500.0,10500.0,14000.0,19000.0
Cowpea (Lobia/Karamani),10574,7.0,6350.0,6544.192263098166,10300.0,11800.0,16252.107999999935,18709.0
Coconut Seed,12371,0.5,3500.0,4056.118029261984,7300.0,8400.0,18400.0,18600.0
Galgal (Lemon),491,400.0,3750.0,3989.103869653768,9150.0,13050.000000000011,16774.999999999978,18000.0
Marget,479,0.5,4000.0,4632.864509394572,10000.0,14000.0,17043.99999999998,18000.0
Duster Beans,3142,800.0,5600.0,5640.708147676639,10000.0,12000.0,16000.0,18000.0
Squash (Chappal Kadoo),15163,0.16,1500.0,1807.3429519224428,3500.0,5500.0,8500.0,18000.0
Ground Nut Seed,8299,100.0,7850.0,7690.3632124352325,12500.0,13500.0,16458.279999999904,17500.0
Peach,3760,0.1,3300.0,3768.523164893617,7500.0,11000.0,17500.0,17500.0
Coca,8,4000.0,4450.0,6537.5,14244.999999999995,16848.999999999996,17434.9,17500.0
Dalda,201,8200.0,9900.0,10357.33830845771,14700.0,17000.0,17500.0,17500.0
Avare Dal,1098,961.0,7480.0,8147.077413479053,14287.499999999965,15500.0,16020.900000000005,17500.0
Mataki,3547,78.0,7000.0,7183.537778404286,11000.0,12853.999999999996,16000.0,17200.0
Pegeon Pea (Arhar Fali),4175,700.0,5500.0,5719.790476646707,10000.0,12000.0,14000.0,17000.0
Bengal Gram Dal (Chana Dal),35662,1100.0,6670.0,7097.978282765969,9650.0,10750.0,11750.0,17000.0
Jaffri,811,0.1,3000.0,3684.219358816276,9000.0,13000.0,15380.00000000011,17000.0
Soyabean,240286,4.0,4575.0,4918.982951357965,7150.0,9000.0,10500.0,17000.0
Absinthe,94,56.8,6805.5,6842.678723404256,11261.249999999998,16062.999999999995,16816.299999999996,16900.0
Niger Seed (Ramtil),812,1600.0,7400.0,7495.644088669951,9900.0,11472.499999999996,16542.52499999999,16725.0
Linseed,15572,1200.0,6025.0,6223.765472001028,8250.0,8896.449999999995,14157.400000000052,16613.7
Bengal Gram (Gram)(Whole),325661,2.0,5350.0,5421.026672930849,7300.0,8750.0,11300.340000000026,16501.0
Groundnut,113224,260.0,5750.0,5876.40563396453,8261.0,10299.0,11550.971250000002,16000.0
Castor Seed,48777,972.0,5937.0,5880.717372213338,7165.0,7397.0,7560.0,16000.0
Asalia,413,4000.0,6660.0,8041.884116222761,13431.999999999998,13978.519999999999,14773.400000000012,15000.0
Borehannu,11,1000.0,1300.0,3281.818181818182,11500.0,14300.000000000002,14930.000000000002,15000.0
Broomstick (Flower Broom),742,1100.0,10000.0,9394.474393530998,13389.999999999985,14177.00000000001,15000.0,15000.0
Little gourd (Kundru),49350,0.45,3500.0,3564.236381965552,6100.0,8000.0,11000.0,15000.0
Neem Seed,1183,3.0,1500.0,2247.9289940828403,7200.0,8423.400000000009,14006.0,15000.0
Ram,56,5000.0,8500.0,9426.785714285714,15000.0,15000.0,15000.0,15000.0
Lentil (Masur)(Whole),107309,1700.0,6150.0,6322.3213585067415,7830.0,9750.0,10600.0,14800.0
Mahedi,640,1400.0,6950.0,7303.87421875,12500.0,14152.500000000004,14750.0,14750.0
Thinai (Italian Millet),774,1399.0,3448.0,4142.512919896641,7164.449999999999,7580.07,12191.999999999927,14511.0
Jarbara,1790,0.6,6.5,117.79308379888268,220.0,600.0,12000.0,14000.0
Gram Raw (Chholia),2605,400.0,3250.0,3660.67626487524,7925.0,9500.0,11100.0,14000.0
buttery,3897,45.0,4500.0,4681.123171670516,7052.799999999998,9000.0,10220.255999999983,13900.0
Red Gram,569,1000.0,6000.0,6317.307557117751,9500.0,11404.000000000047,12834.400000000027,13800.0
Rajgir,6288,2.0,4166.25,3373.07951653944,8253.949999999999,11325.26,13119.259999999995,13360.0
Karamani,237,1169.0,6649.0,6585.548523206751,10019.999999999998,11799.079999999987,13141.440000000008,13309.0
Hippe Seed,231,3.0,6.0,285.6320346320346,8.0,10699.999999999989,12962.500000000013,13250.0
Yam,1365,32.0,5200.0,4512.967765567765,8200.0,9200.0,11854.199999999968,13200.0
Taramira,7239,700.0,4970.0,4946.523967398812,5650.0,6300.0,6930.479999999989,13051.0
Pundi Seed,8,5858.0,10399.5,9454.375,12583.25,12926.25,13003.425000000001,13012.0
Spinach,110288,1.0,1000.0,1212.1110339293487,3000.0,4500.0,7200.0,13000.0
Ambady/Mesta,56,2500.0,5600.0,5503.946428571428,7008.75,12725.000000000002,12972.5,13000.0
Bajra (Pearl Millet/Cumbu),151194,2.0,2145.0,2088.9935372435416,2751.0,3270.350000000035,4808.877000000008,12760.0
Cotton Seed,582,3300.0,7362.5,7545.408075601375,9700.0,10305.699999999999,12604.749999999996,12750.0
Jute,16793,980.0,5600.0,5938.554099922587,8100.0,10103.999999999905,11300.0,12750.0
Moath Dal,7055,1550.0,6010.0,6403.560595322467,10000.0,10600.0,10900.0,12500.0
Groundnut (Split),2404,2193.0,6750.0,6965.833818635608,10012.7,10915.0,11759.175000000057,12500.0
Sabu Dan,819,4000.0,5400.0,5515.689865689866,7200.0,7500.0,9800.600000000053,12500.0
Daila (Chandni),40,20.0,35.0,774.875,3800.0,8801.999999999996,11680.199999999988,12000.0
Sompu,2,12000.0,12000.0,12000.0,12000.0,12000.0,12000.0,12000.0
Jaggery,222,2000.0,4000.0,4050.8063063063064,4998.7,6034.499999999995,11031.798999999985,12000.0
Sunflower,10811,517.6,5209.0,5245.484978262881,6900.0,7520.5999999999985,8539.560000000012,12000.0
Bullar,92,2189.0,5900.0,6023.974646739131,10320.500000000002,11800.0,11800.0,11800.0
Sunhemp,187,16.0,5869.0,5287.144385026738,7866.0999999999985,11132.0,11484.319999999998,11555.0
Lotus Sticks,681,1500.0,5500.0,5507.98825256975,7000.0,8300.000000000011,10140.0000000001,11500.0
Foxtail Millet (Navane),2834,601.0,3100.0,3460.698306280875,6100.0,7500.0,10000.0,11400.0
T.V. Cumbu,3297,555.0,3070.0,4054.518653321201,7400.0,9313.04,10455.39200000008,11309.0
Millets,2102,700.0,2900.0,2909.4788296860133,4200.0,4400.0,10332.35999999959,11200.0
Myrobolan (Harad),263,20.0,200.0,827.7794676806084,2269.999999999993,5969.999999999971,11000.0,11000.0
Chennangi Dal,670,3250.0,8050.0,8073.022388059701,9100.0,10650.0,10750.0,10750.0
Other green and fresh vegetables,557,1.0,1400.0,1797.6965888689408,4000.0,7043.9999999999945,9832.799999999952,10500.0
Same/Savi,1036,16.0,3000.0,2883.039575289575,4407.75,5592.650000000007,9119.884999999813,10011.0
Jack Fruit (Ripe),250,1000.0,3300.0,3866.4,9000.0,10000.0,10000.0,10000.0
Sanai/Sunhemp,5,7685.32,8500.0,8677.064,9800.0,9960.0,9996.0,10000.0
Pea Pod/Pea Cod/हरी मटर,437,879.0,2100.0,2505.5711441647595,5250.0,8121.599999999998,9694.800000000016,10000.0
Paddy (Dhan)(Basmati),39745,800.0,3020.0,3139.0347075103787,4400.0,5269.719999999972,9900.0,9900.0
stone pulverizer,5,6559.0,8430.0,8214.8,9565.2,9729.84,9766.884,9771.0
Other Pulses,45,2500.0,5200.0,5611.511111111111,9550.0,9600.0,9600.0,9600.0
Safflower,5808,450.0,4600.0,4801.856577134986,7313.5999999999985,8675.0,9204.246000000005,9570.0
stevia,6,1351.0,6100.0,6050.5,9313.5,9503.5,9546.25,9551.0
Antawala,75,1000.0,3886.0,3867.84,6163.0,7798.000000000012,9329.800000000005,9500.0
Paddy (Dhan)(Common),381830,1.0,2040.0,2042.9706160736368,2900.0,3710.0,4400.0,9500.0
Wheat Atta,333,1850.0,2500.0,3127.4774774774774,7600.0,8400.0,9168.000000000007,9500.0
Guar Seed (Cluster Beans Seed),24178,535.0,4940.0,4874.772183389859,5825.0,6166.149999999998,7067.486000000026,9500.0
Gurellu,53,1368.0,7659.0,7141.867924528302,8756.6,9348.16,9484.816,9500.0
Balekai,347,1050.0,2100.0,2172.478386167147,3100.0,3908.000000000004,9000.0,9000.0
Amranthas Red,464,33.0,2400.0,2314.75,5000.0,6100.0,8212.899999999961,9000.0
Bunch Beans,2428,700.0,3000.0,3178.2903624382207,5200.0,7773.000000000002,8614.599999999973,9000.0
Chapparad Avare,3166,435.0,3000.0,3042.4962097283637,5000.0,6500.0,8934.000000000015,9000.0
Suvarna Gadde,3856,500.0,2700.0,3001.992997925311,6000.0,7500.0,9000.0,9000.0
karanja seeds,46,1500.0,4200.0,4282.804347826087,5000.75,7014.999999999991,8351.499999999995,8500.0
Elephant Yam (Suran)/Amorphophallus,6636,0.3,4000.0,4122.593693490055,6500.0,7250.0,8000.0,8500.0
Groundnut pods (raw),3255,700.0,3500.0,3744.7588233486945,6000.0,6857.360000000001,7461.900000000014,8500.0
Bamboo,160,120.0,300.0,358.35625,444.899999999999,2245.2999999999956,7462.070000000043,8300.0
Big Gram,48,4000.0,5000.0,5245.854166666667,7288.75,7897.500000000001,8214.750000000002,8250.0
Thogrikai,847,40.0,3800.0,3977.4533648170013,6600.0,8000.0,8200.0,8200.0
Hybrid Cumbu,878,58.0,2510.0,2924.882687927107,5500.0,6800.500000000001,7214.460000000048,8109.0
Barley (Jau),64978,145.0,2125.0,2112.7725568654005,2760.0,2950.0,3350.0,8085.0
Toria,530,600.0,4562.5,4055.809433962264,7345.5,7500.0,7735.500000000002,8000.0
Gladiolus Cut Flower,1602,0.6,30.0,69.2066479400749,80.0,100.0,6797.999999999774,8000.0
Ground Nut Oil,4,5550.0,6929.5,6852.25,7925.0,7985.0,7998.5,8000.0
Bay leaf (Tejpatta),671,1600.0,2500.0,2602.3845007451564,3500.0,4000.0,5655.000000000144,8000.0
Kutki,864,1640.0,3500.0,3490.953703703704,4395.949999999999,4675.81,7625.454999999988,7811.0
Maida Atta,150,2100.0,2450.0,3154.733333333333,7309.999999999996,7600.0,7600.0,7600.0
Mahua,8116,600.0,3000.0,2851.6077143913258,4500.0,5800.0,6000.0,7600.0
Soji,105,2150.0,2800.0,3589.6666666666665,5579.999999999998,7500.0,7589.6,7600.0
Round gourd,12191,120.0,1500.0,1663.970141907965,3500.0,4600.0,6580.999999999949,7500.0
Lukad,163,1052.0,2460.0,2711.993865030675,5000.0,6429.0,7326.497999999993,7500.0
Gramflour,50,6850.0,7100.0,7064.8,7346.0,7405.1,7409.51,7410.0
Wool,101,900.0,4725.0,4716.831683168317,6800.0,7400.0,7400.0,7400.0
Sunflower Seed,10,4009.0,6118.0,6042.2,6866.95,7028.59,7064.959,7069.0
Lilly,1868,0.4,20.0,55.94735010706638,50.0,400.0,6000.0,7000.0
Mahua Seed (Hippe seed),2736,975.0,3000.0,2957.5855263157896,4500.0,5043.000000000002,5887.979999999958,7000.0
Honge seed,212,2000.0,3737.0,3748.1509433962265,4992.849999999999,6000.0,7000.0,7000.0
Sugarcane,573,12.0,300.0,839.6650087260035,3819.999999999999,6000.0,6713.999999999998,7000.0
Ambady/Mesta/Patson,10,2700.0,3150.0,3486.5,5334.999999999996,6667.000000000001,6966.699999999999,7000.0
Indian Colza (Sarson),2187,400.0,1800.0,2021.233653406493,5307.699999999998,6156.999999999994,6996.279999999997,7000.0
dhawai flowers,12,2500.0,3900.0,3950.0,5809.999999999999,6602.000000000001,6780.200000000002,6800.0
White Pumpkin,2715,18.0,1200.0,1311.665561694291,2114.9999999999864,3700.0,4786.000000000058,6500.0
Raya,80,4310.0,5852.5,5572.3625,6228.15,6361.749999999999,6486.175000000001,6500.0
Marasebu,54,1800.0,3400.0,3383.3333333333335,4739.999999999998,5922.999999999999,6352.300000000003,6400.0
Sunflower/Sunflower Seed,13,5488.0,5858.0,5891.384615384615,6306.4,6314.08,6315.808,6316.0
Butter,342,2000.0,3800.0,4264.956140350877,5939.75,6100.0,6136.59,6140.0
Ladies Finger,363,700.0,2564.0,2603.228650137741,4000.0,5000.0,5855.199999999991,6000.0
Sajje,191,717.0,1889.0,1868.0575916230366,2750.0,4709.899999999999,5739.860000000002,5950.0
Kodo Millet (Varagu),7285,59.0,2300.0,2409.2351407000688,3317.399999999994,3600.0,4220.76400000001,5700.0
Brahmi,6,1400.0,4400.0,4000.0,5424.5,5644.1,5693.51,5699.0
Suram,37,1100.0,3000.0,3212.162162162162,5000.0,5320.0,5481.999999999999,5500.0
Paddy (Basmati),872,2005.0,3350.0,3409.6419610091743,4400.45,4600.0,4829.795530000012,5368.57
Chennangi (Whole),18,4100.0,4977.5,4907.5,5335.0,5335.0,5335.0,5335.0
gulli,697,46.0,3775.0,3834.535150645624,4871.0,5025.999999999999,5107.599999999999,5125.0
Binoula,3,2500.0,4000.0,3833.3333333333335,4900.0,4980.0,4998.0,5000.0
liquor turmeric,3,2602.0,2799.0,3464.0,4771.8,4947.16,4986.616,4991.0
Ambada Seed,110,100.0,1000.0,1418.4454545454546,3911.0999999999995,4951.0,4986.7300000000005,4990.0
Bhui Amlaya,3,3600.0,4251.0,4167.0,4610.1,4642.02,4649.202,4650.0
Siddota,2,4450.0,4450.0,4450.0,4450.0,4450.0,4450.0,4450.0
Javi,71,1637.5,2500.0,2602.345070422535,3751.0,4159.999999999999,4286.000000000002,4300.0
Season Leaves,2747,250.0,1100.0,1271.004732435384,2400.0,3000.0,4000.0,4250.0
Gudmar,5,3000.0,3500.0,3572.2,4008.8,4050.56,4059.956,4061.0
Bael,5,435.0,815.0,1455.2,3448.7999999999993,3890.56,3989.956,4001.0
sanay,2,3900.0,3950.0,3950.0,3995.0,3999.0,3999.9,4000.0
Giloy,68,400.0,2900.0,2599.426470588235,3764.35,3837.16,3868.5160000000005,3872.0
Palash flowers,8,2100.0,2800.5,2788.875,3328.9999999999995,3513.7999999999997,3555.38,3560.0
Pupadia,94,1360.0,2500.0,2510.7659574468084,2983.3999999999996,3044.2,3094.4199999999996,3100.0
Maragensu,5,1250.0,1500.0,1870.0,2860.0,2972.0,2997.2,3000.0
Chrysanthemum,485,2.6,11.0,30.0459793814433,38.0,60.0,2903.200000000004,3000.0
Skin And Hide,1,2700.0,2700.0,2700.0,2700.0,2700.0,2700.0,2700.0
Cane,2,100.0,1250.0,1250.0,2285.0,2377.0,2397.7,2400.0
Broken Rice,394,300.0,1000.0,1149.0710659898477,1867.4999999999982,2000.0,2121.4000000000055,2200.0
Bran,38,900.0,2000.0,1881.0526315789473,2157.5,2200.0,2200.0,2200.0
Resinwood,78,1200.0,1500.0,1552.5641025641025,1800.0,2000.0,2000.0,2000.0
Torchwood,4,1400.0,1500.0,1600.0,1924.9999999999998,1984.9999999999998,1998.5,2000.0
Egg,1486,2.0,590.0,570.2885195154778,1290.0,1390.0,1390.0,1390.0
Dry Fodder,1085,135.0,725.0,700.931797235023,1100.0,1200.8000000000004,1224.5799999999997,1230.0
Honey,1,1000.0,1000.0,1000.0,1000.0,1000.0,1000.0,1000.0
Firewood,3427,140.0,320.0,342.4595185293259,500.0,559.7633999999998,661.1930000000013,843.0
Green Fodder,1108,105.0,237.0,239.27978339350182,370.0,419.6500000000003,594.6500000000015,800.0
Duck,156,100.0,550.0,522.7564102564103,650.0,694.9999999999989,750.0,750.0
Kacholam,7,500.0,600.0,557.1428571428571,600.0,600.0,600.0,600.0
Tube Rose (Double),751,0.62,4.16,10.876045272969375,10.83,200.0,325.0,400.0
Calendula,41,25.0,80.0,127.1951219512195,300.0,323.0,324.8,325.0
Orchid,759,4.0,25.0,33.44268774703557,40.0,230.0,280.0,280.0
Tube Rose (Single),795,0.41,2.5,6.583421383647798,6.372999999999982,150.0,200.0,200.0
BOP,475,15.0,30.0,34.94105263157895,61.49999999999977,81.29999999999995,95.2600000000001,100.0
Anthorium,687,5.0,30.0,34.8296943231441,60.0,75.69999999999993,80.0,80.0
Lotus,904,1.5,10.0,12.185287610619469,25.0,30.0,35.4849999999999,40.0
Betelnuts,10,3.0,3.0,3.125,3.5,3.5,3.5,3.5
